n_high,high_fraction,n_edges,components,significant_components,largest_component_size,largest_component_share,isolated_share,endpoint_distance,path_length,path_hops,connected_region_supported,replicate,threshold,radius,rsm_r2
3012,0.1506,25581,226,24,109,0.03618857901726428,0.008632138114209827,0.09253349244730358,0.14045440270608237,6,False,0,0.8,0.04,0.8105898913292042
3012,0.1506,28357,167,29,209,0.0693891102257636,0.00597609561752988,0.19685489251478222,0.2705600501836449,7,False,0,0.8,0.06,0.8105898913292042
3012,0.1506,31220,115,26,241,0.0800132802124834,0.0033200531208499337,0.19685489251478222,0.2450171736735179,5,False,0,0.8,0.08,0.8105898913292042
3012,0.1506,33803,62,25,434,0.14409030544488713,0.00099601593625498,0.3667825270436168,0.5582425058040335,9,False,0,0.8,0.1,0.8105898913292042
2077,0.10385,15818,195,28,52,0.025036109773712085,0.012518054886856042,0.03184089444682522,0.03575098351443495,2,False,0,0.85,0.04,0.8105898913292042
2077,0.10385,17866,146,32,160,0.07703418391911411,0.008666345690900338,0.1947937488007979,0.24210176082437262,6,False,0,0.85,0.06,0.8105898913292042
2077,0.10385,20524,100,29,225,0.10832932113625421,0.004814636494944632,0.20720108623235148,0.3832301383939103,6,False,0,0.85,0.08,0.8105898913292042
2077,0.10385,22463,60,30,325,0.15647568608570053,0.002888781896966779,0.2657639107371046,0.47259058999212333,7,False,0,0.85,0.1,0.8105898913292042
1317,0.06585,8726,148,33,49,0.03720577069096431,0.017463933181473046,0.04035130367287217,0.0415243418637166,2,False,0,0.9,0.04,0.8105898913292042
1317,0.06585,10224,116,28,101,0.07668944570994685,0.01366742596810934,0.19011251438480092,0.28107483223717583,7,False,0,0.9,0.06,0.8105898913292042
1317,0.06585,12035,83,24,153,0.11617312072892938,0.009870918754745633,0.20594703036139625,0.37804915180886445,6,False,0,0.9,0.08,0.8105898913292042
1317,0.06585,13677,53,23,190,0.1442672741078208,0.005315110098709187,0.3105396081103255,0.42510113537549354,7,False,0,0.9,0.1,0.8105898913292042
667,0.03335,3852,96,32,33,0.049475262368815595,0.025487256371814093,0.03745105655229791,0.0380848742906067,2,False,0,0.95,0.04,0.8105898913292042
667,0.03335,4662,76,26,48,0.07196401799100449,0.017991004497751123,0.11703311713208762,0.20028582982859858,4,False,0,0.95,0.06,0.8105898913292042
667,0.03335,5539,59,22,80,0.1199400299850075,0.014992503748125937,0.18984147457323297,0.22873387386007385,6,False,0,0.95,0.08,0.8105898913292042
667,0.03335,6342,36,14,119,0.17841079460269865,0.005997001499250375,0.3105396081103255,0.41165907972854043,6,False,0,0.95,0.1,0.8105898913292042
3106,0.1553,26494,248,25,124,0.03992273019961365,0.014488087572440437,0.09253349244730358,0.14343971473794992,7,False,1,0.8,0.04,0.819387431994744
3106,0.1553,29759,186,29,220,0.07083065035415326,0.0103026400515132,0.19102840785172165,0.299980332145863,7,False,1,0.8,0.06,0.819387431994744
3106,0.1553,32686,126,29,262,0.08435286542176433,0.005795235028976175,0.1947937488007979,0.2559032385235948,5,False,1,0.8,0.08,0.819387431994744
3106,0.1553,35061,76,29,443,0.14262717321313587,0.0025756600128783,0.3317741861164379,0.47888568199391207,7,False,1,0.8,0.1,0.819387431994744
2038,0.1019,14639,204,28,72,0.03532875368007851,0.01619234543670265,0.04504284332407635,0.06518018529978024,3,False,1,0.85,0.04,0.819387431994744
2038,0.1019,17140,152,33,99,0.04857703631010795,0.01226692836113837,0.19639588363445795,0.244026557439752,6,False,1,0.85,0.06,0.819387431994744
2038,0.1019,19602,115,29,236,0.11579980372914622,0.009813542688910697,0.20720108623235148,0.3872815740553155,7,False,1,0.85,0.08,0.819387431994744
2038,0.1019,21505,65,29,236,0.11579980372914622,0.002944062806673209,0.20720108623235148,0.3872815740553155,7,False,1,0.85,0.1,0.819387431994744
1357,0.06785,8839,159,32,38,0.02800294767870302,0.018422991893883568,0.11175265138137126,0.12406317126486432,4,False,1,0.9,0.04,0.819387431994744
1357,0.06785,10541,130,28,110,0.08106116433308769,0.01694915254237288,0.19011251438480092,0.28109539307312104,7,False,1,0.9,0.06,0.819387431994744
1357,0.06785,12031,97,22,162,0.11938098747236552,0.010316875460574797,0.20594703036139625,0.3733933421193638,6,False,1,0.9,0.08,0.819387431994744
1357,0.06785,13138,63,25,173,0.12748710390567428,0.004421518054532056,0.3105396081103255,0.4251895472946976,7,False,1,0.9,0.1,0.819387431994744
593,0.02965,2975,97,37,26,0.04384485666104553,0.03372681281618887,0.027138400531912032,0.03040941272246563,2,False,1,0.95,0.04,0.819387431994744
593,0.02965,3620,84,33,27,0.045531197301854974,0.02866779089376054,0.08084248542531294,0.09626598302996117,2,False,1,0.95,0.06,0.819387431994744
593,0.02965,4207,67,25,87,0.1467116357504216,0.02023608768971332,0.20190190591396348,0.2848427420829192,5,False,1,0.95,0.08,0.819387431994744
593,0.02965,4864,51,21,157,0.26475548060708265,0.01011804384485666,0.3490487781128577,0.49086370696374704,7,False,1,0.95,0.1,0.819387431994744
3156,0.1578,27801,213,26,140,0.044359949302915085,0.007287705956907478,0.09253349244730358,0.14304348368064596,7,False,2,0.8,0.04,0.8429952665816012
3156,0.1578,30782,158,31,226,0.07160963244613434,0.004435994930291508,0.19685489251478222,0.27073486879291475,7,False,2,0.8,0.06,0.8429952665816012
3156,0.1578,33734,105,28,258,0.0817490494296578,0.0025348542458808617,0.19685489251478222,0.2450171736735179,5,False,2,0.8,0.08,0.8429952665816012
3156,0.1578,35710,66,26,473,0.14987325728770595,0.0012674271229404308,0.32021794785252505,0.8428399258363911,15,False,2,0.8,0.1,0.8429952665816012
2236,0.1118,17480,186,25,54,0.024150268336314847,0.008050089445438283,0.033226792684260036,0.03716845899088356,3,False,2,0.85,0.04,0.8429952665816012
2236,0.1118,20050,138,31,166,0.0742397137745975,0.005813953488372093,0.1947937488007979,0.2445657280610992,6,False,2,0.85,0.06,0.8429952665816012
2236,0.1118,22690,93,28,244,0.10912343470483005,0.0026833631484794273,0.20720108623235148,0.38763348666854414,7,False,2,0.85,0.08,0.8429952665816012
2236,0.1118,24439,60,25,264,0.11806797853309481,0.0017889087656529517,0.3667825270436168,0.5182727653445947,7,False,2,0.85,0.1,0.8429952665816012
1431,0.07155,9628,156,29,49,0.03424178895877009,0.012578616352201259,0.04035130367287217,0.0415243418637166,2,False,2,0.9,0.04,0.8429952665816012
1431,0.07155,11246,124,26,103,0.07197763801537387,0.011180992313067784,0.19011251438480092,0.28107483223717583,7,False,2,0.9,0.06,0.8429952665816012
1431,0.07155,13138,85,24,151,0.10552061495457722,0.005590496156533892,0.19646402948376193,0.3058550658928557,5,False,2,0.9,0.08,0.8429952665816012
1431,0.07155,14832,53,20,206,0.14395527603074773,0.001397624039133473,0.3105396081103255,0.42537065590065404,7,False,2,0.9,0.1,0.8429952665816012
663,0.03315,3552,98,36,34,0.05128205128205128,0.02865761689291101,0.012416910091820013,0.014839307657754805,2,False,2,0.95,0.04,0.8429952665816012
663,0.03315,4373,84,31,50,0.07541478129713423,0.027149321266968326,0.11826385083090604,0.20512972905417898,4,False,2,0.95,0.06,0.8429952665816012
663,0.03315,5050,65,27,81,0.12217194570135746,0.0196078431372549,0.14110051362628953,0.22594039556794362,6,False,2,0.95,0.08,0.8429952665816012
663,0.03315,5771,45,19,86,0.1297134238310709,0.012066365007541479,0.2543360817825288,0.36457002461289223,5,False,2,0.95,0.1,0.8429952665816012
3119,0.15595,27770,218,27,104,0.03334402051939724,0.008656620711766592,0.11454027089195087,0.17154295366106723,6,False,3,0.8,0.04,0.8141504092166953
3119,0.15595,30579,164,30,190,0.060916960564283425,0.0054504648925937805,0.16617568622758463,0.2662095252479175,9,False,3,0.8,0.06,0.8141504092166953
3119,0.15595,33516,108,28,303,0.0971465213209362,0.0025649246553382495,0.22569733296077227,0.4345524466923539,7,False,3,0.8,0.08,0.8141504092166953
3119,0.15595,35280,66,29,516,0.1654376402693171,0.0009618467457518436,0.37771733979018196,0.5801372527195797,8,False,3,0.8,0.1,0.8141504092166953
2199,0.10995,18191,178,35,55,0.02501136880400182,0.010004547521600727,0.033226792684260036,0.03716845899088356,3,False,3,0.85,0.04,0.8141504092166953
2199,0.10995,20201,136,37,113,0.05138699408822192,0.0050022737608003635,0.19321370180810857,0.2562460058408289,6,False,3,0.85,0.06,0.8141504092166953
2199,0.10995,22569,94,33,218,0.09913597089586175,0.0031832651205093224,0.2705715518061285,0.35328591096393136,6,False,3,0.85,0.08,0.8141504092166953
2199,0.10995,23897,69,32,256,0.11641655297862664,0.0018190086402910413,0.3667825270436168,0.5540469824878845,8,False,3,0.85,0.1,0.8141504092166953
1517,0.07585,11309,146,33,49,0.032300593276203035,0.01120632827949901,0.04035130367287217,0.0415243418637166,2,False,3,0.9,0.04,0.8141504092166953
1517,0.07585,13033,119,30,112,0.07382992748846408,0.01054713249835201,0.19011251438480092,0.28151393464607793,7,False,3,0.9,0.06,0.8141504092166953
1517,0.07585,14832,82,24,196,0.12920237310481214,0.007251153592617007,0.20720108623235148,0.3207089019814471,6,False,3,0.9,0.08,0.8141504092166953
1517,0.07585,15994,63,24,196,0.12920237310481214,0.005273566249176005,0.20720108623235148,0.31957020033755923,6,False,3,0.9,0.1,0.8141504092166953
678,0.0339,3849,105,32,35,0.051622418879056046,0.03687315634218289,0.012416910091820013,0.014839307657754805,2,False,3,0.95,0.04,0.8141504092166953
678,0.0339,4409,82,31,44,0.06489675516224189,0.029498525073746312,0.18947366024624046,0.28653121693653083,6,False,3,0.95,0.06,0.8141504092166953
678,0.0339,5272,59,25,76,0.11209439528023599,0.022123893805309734,0.20911127631574739,0.3828197991728918,6,False,3,0.95,0.08,0.8141504092166953
678,0.0339,6271,41,16,114,0.168141592920354,0.017699115044247787,0.3105396081103255,0.45200978201192255,6,False,3,0.95,0.1,0.8141504092166953
2952,0.1476,24672,225,28,64,0.02168021680216802,0.009485094850948509,0.09253349244730358,0.138351773648902,6,False,4,0.8,0.04,0.8251302522335521
2952,0.1476,27537,172,33,152,0.051490514905149054,0.007791327913279133,0.19102840785172165,0.29662063587913295,7,False,4,0.8,0.06,0.8251302522335521
2952,0.1476,30402,117,32,275,0.09315718157181571,0.003048780487804878,0.2544527308805055,0.40797488145514726,9,False,4,0.8,0.08,0.8251302522335521
2952,0.1476,32968,62,28,580,0.19647696476964768,0.0013550135501355014,0.487024557979969,1.2596537365452487,18,False,4,0.8,0.1,0.8251302522335521
2187,0.10935,17106,190,31,55,0.025148605395518976,0.00823045267489712,0.033226792684260036,0.03716845899088356,3,False,4,0.85,0.04,0.8251302522335521
2187,0.10935,19235,148,38,86,0.039323273891175126,0.006401463191586648,0.17111704083018867,0.254213721031575,7,False,4,0.85,0.06,0.8251302522335521
2187,0.10935,21726,109,33,223,0.10196616369455876,0.004572473708276178,0.20720108623235148,0.34469167739309253,7,False,4,0.85,0.08,0.8251302522335521
2187,0.10935,24205,64,29,277,0.12665752171925013,0.001828989483310471,0.25730217422964347,0.5317732293960324,8,False,4,0.85,0.1,0.8251302522335521
1425,0.07125,9699,160,29,49,0.0343859649122807,0.016842105263157894,0.04035130367287217,0.0415243418637166,2,False,4,0.9,0.04,0.8251302522335521
1425,0.07125,11308,123,28,102,0.07157894736842105,0.011929824561403509,0.18964258881265722,0.2779421310341024,6,False,4,0.9,0.06,0.8251302522335521
1425,0.07125,13123,90,28,167,0.11719298245614035,0.008421052631578947,0.26769666249075,0.42216969906386914,7,False,4,0.9,0.08,0.8251302522335521
1425,0.07125,14729,59,23,206,0.14456140350877192,0.004912280701754386,0.31261057331763004,0.4460729513461718,7,False,4,0.9,0.1,0.8251302522335521
643,0.03215,4038,103,32,43,0.06687402799377916,0.05443234836702955,0.03745105655229791,0.0380848742906067,2,False,4,0.95,0.04,0.8251302522335521
643,0.03215,4422,83,31,44,0.06842923794712286,0.041990668740279936,0.0636328067722099,0.06596267364977561,2,False,4,0.95,0.06,0.8251302522335521
643,0.03215,5238,65,26,81,0.12597200622083982,0.03110419906687403,0.1957421133642527,0.3041909312844697,5,False,4,0.95,0.08,0.8251302522335521
643,0.03215,5808,48,19,81,0.12597200622083982,0.02332814930015552,0.1957421133642527,0.28786106031963704,4,False,4,0.95,0.1,0.8251302522335521
2925,0.14625,25887,215,30,115,0.039316239316239315,0.010256410256410256,0.09253349244730358,0.14045440270608237,6,False,5,0.8,0.04,0.8068617416572086
2925,0.14625,28142,171,34,137,0.046837606837606835,0.0071794871794871795,0.14729031960286312,0.2819869880270498,7,False,5,0.8,0.06,0.8068617416572086
2925,0.14625,30752,114,33,225,0.07692307692307693,0.0041025641025641026,0.1947937488007979,0.2678362982580009,6,False,5,0.8,0.08,0.8068617416572086
2925,0.14625,32856,70,33,343,0.11726495726495727,0.0013675213675213675,0.3667825270436168,0.5442408657088801,8,False,5,0.8,0.1,0.8068617416572086
1948,0.0974,15515,175,34,54,0.027720739219712527,0.013347022587268994,0.033226792684260036,0.03716845899088356,3,False,5,0.85,0.04,0.8068617416572086
1948,0.0974,17492,138,36,95,0.048767967145790556,0.010780287474332649,0.19639588363445795,0.2433438396567097,6,False,5,0.85,0.06,0.8068617416572086
1948,0.0974,19620,100,30,202,0.10369609856262833,0.008213552361396304,0.20594703036139625,0.3184830594506405,6,False,5,0.85,0.08,0.8068617416572086
1948,0.0974,21070,60,29,210,0.10780287474332649,0.001540041067761807,0.27563488894561194,0.5654056932606051,9,False,5,0.85,0.1,0.8068617416572086
1355,0.06775,9723,141,35,48,0.035424354243542434,0.016236162361623615,0.04035130367287217,0.0415243418637166,2,False,5,0.9,0.04,0.8068617416572086
1355,0.06775,11398,111,30,103,0.07601476014760147,0.014022140221402213,0.19011251438480092,0.28070102229245186,7,False,5,0.9,0.06,0.8068617416572086
1355,0.06775,13102,81,28,156,0.11512915129151291,0.011808118081180811,0.19768134168111284,0.3103849614562615,5,False,5,0.9,0.08,0.8068617416572086
1355,0.06775,14332,57,24,194,0.14317343173431735,0.0051660516605166054,0.3105396081103255,0.43001098914758307,8,False,5,0.9,0.1,0.8068617416572086
664,0.0332,3919,96,32,37,0.05572289156626506,0.025602409638554216,0.045979952161193695,0.04698472759684897,2,False,5,0.95,0.04,0.8068617416572086
664,0.0332,4676,74,31,37,0.05572289156626506,0.024096385542168676,0.045979952161193695,0.04629436452051795,2,False,5,0.95,0.06,0.8068617416572086
664,0.0332,5235,56,26,72,0.10843373493975904,0.015060240963855422,0.19973955048159336,0.3105440947215386,5,False,5,0.95,0.08,0.8068617416572086
664,0.0332,5926,42,22,152,0.2289156626506024,0.01355421686746988,0.3490487781128577,0.5145980009483704,7,False,5,0.95,0.1,0.8068617416572086
2956,0.1478,25967,237,30,133,0.04499323410013532,0.014208389715832206,0.09253349244730358,0.14304348368064596,7,False,6,0.8,0.04,0.8319290171590462
2956,0.1478,28216,188,31,163,0.05514208389715832,0.010148849797023005,0.19980741326878462,0.29643447417493074,8,False,6,0.8,0.06,0.8319290171590462
2956,0.1478,30788,127,32,272,0.09201623815967523,0.0064276048714479025,0.19685489251478222,0.27285896922512604,7,False,6,0.8,0.08,0.8319290171590462
2956,0.1478,32794,76,32,280,0.09472259810554803,0.002368064952638701,0.3607987403211706,0.5625678942836998,8,False,6,0.8,0.1,0.8319290171590462
2070,0.1035,16114,197,33,49,0.023671497584541065,0.014009661835748793,0.04035130367287217,0.0415243418637166,2,False,6,0.85,0.04,0.8319290171590462
2070,0.1035,18247,154,37,100,0.04830917874396135,0.011111111111111112,0.19639588363445795,0.244026557439752,6,False,6,0.85,0.06,0.8319290171590462
2070,0.1035,20640,108,33,246,0.11884057971014493,0.005797101449275362,0.20720108623235148,0.3872815740553155,7,False,6,0.85,0.08,0.8319290171590462
2070,0.1035,22168,68,33,270,0.13043478260869565,0.002898550724637681,0.3147108807717385,0.4704709113690278,9,False,6,0.85,0.1,0.8319290171590462
1365,0.06825,9244,157,33,45,0.03296703296703297,0.017582417582417582,0.04035130367287217,0.0415243418637166,2,False,6,0.9,0.04,0.8319290171590462
1365,0.06825,11059,126,28,115,0.08424908424908426,0.014652014652014652,0.19011251438480092,0.28109539307312104,7,False,6,0.9,0.06,0.8319290171590462
1365,0.06825,12411,93,29,173,0.12673992673992673,0.00805860805860806,0.26769666249075,0.42216969906386914,7,False,6,0.9,0.08,0.8319290171590462
1365,0.06825,13795,57,25,210,0.15384615384615385,0.003663003663003663,0.31261057331763004,0.4460729513461718,7,False,6,0.9,0.1,0.8319290171590462
524,0.0262,2422,101,30,28,0.05343511450381679,0.04007633587786259,0.04760682132001186,0.056771643102565016,3,False,6,0.95,0.04,0.8319290171590462
524,0.0262,3001,88,26,44,0.08396946564885496,0.03625954198473282,0.15307205115557063,0.21957467132411837,5,False,6,0.95,0.06,0.8319290171590462
524,0.0262,3525,69,25,73,0.13931297709923665,0.022900763358778626,0.19533434544322262,0.32557080537638305,5,False,6,0.95,0.08,0.8319290171590462
524,0.0262,4047,49,21,73,0.13931297709923665,0.01717557251908397,0.19533434544322262,0.2965663332113096,5,False,6,0.95,0.1,0.8319290171590462
3012,0.1506,24866,247,24,129,0.04282868525896414,0.012616201859229747,0.09253349244730358,0.14045440270608237,6,False,7,0.8,0.04,0.8231137033267037
3012,0.1506,27670,184,27,235,0.07802124833997344,0.009296148738379814,0.1979637829448915,0.2671278980287271,6,False,7,0.8,0.06,0.8231137033267037
3012,0.1506,30830,127,25,394,0.13081009296148738,0.005312084993359893,0.2530240216405895,0.41335952856194225,8,False,7,0.8,0.08,0.8231137033267037
3012,0.1506,33505,63,25,443,0.14707835325365207,0.0013280212483399733,0.2974103949057924,0.7736977823876403,13,False,7,0.8,0.1,0.8231137033267037
2011,0.10055,14675,211,29,50,0.02486325211337643,0.015415216310293387,0.04264366329267227,0.04674369402858989,2,False,7,0.85,0.04,0.8231137033267037
2011,0.10055,16704,159,32,118,0.058677274987568376,0.011934361014420686,0.19639588363445795,0.24763637590826132,7,False,7,0.85,0.06,0.8231137033267037
2011,0.10055,19486,109,27,212,0.10542018896071606,0.007956240676280457,0.26769666249075,0.40704125002442626,7,False,7,0.85,0.08,0.8231137033267037
2011,0.10055,21818,56,25,252,0.1253107906514172,0.0014917951268025858,0.3099508942681899,0.4311183682982424,8,False,7,0.85,0.1,0.8231137033267037
1350,0.0675,8926,158,28,49,0.0362962962962963,0.02074074074074074,0.04035130367287217,0.0415243418637166,2,False,7,0.9,0.04,0.8231137033267037
1350,0.0675,10358,119,25,90,0.06666666666666667,0.014074074074074074,0.14258569578252311,0.24240027048955504,5,False,7,0.9,0.06,0.8231137033267037
1350,0.0675,12197,85,23,176,0.13037037037037036,0.007407407407407408,0.20720108623235148,0.3492743194079985,6,False,7,0.9,0.08,0.8231137033267037
1350,0.0675,14078,51,22,194,0.1437037037037037,0.002962962962962963,0.3105396081103255,0.4251895472946976,7,False,7,0.9,0.1,0.8231137033267037
591,0.02955,2777,97,38,44,0.07445008460236886,0.0338409475465313,0.04035130367287217,0.0415243418637166,2,False,7,0.95,0.04,0.8231137033267037
591,0.02955,3523,78,29,53,0.08967851099830795,0.025380710659898477,0.11826385083090604,0.20511243290987524,5,False,7,0.95,0.06,0.8231137033267037
591,0.02955,4457,63,23,87,0.14720812182741116,0.02030456852791878,0.19011251438480092,0.2813029855973301,5,False,7,0.95,0.08,0.8231137033267037
591,0.02955,5141,44,18,97,0.16412859560067683,0.01015228426395939,0.1947937488007979,0.3503523039686164,5,False,7,0.95,0.1,0.8231137033267037
2861,0.14305,24384,210,26,59,0.020622160083886752,0.009087731562390773,0.04633934989530715,0.060938809412004434,3,False,8,0.8,0.04,0.8257577266376642
2861,0.14305,27312,159,31,162,0.05662355819643481,0.005592450192240475,0.19102840785172165,0.25166250485935276,7,False,8,0.8,0.06,0.8257577266376642
2861,0.14305,30041,106,28,256,0.0894792030758476,0.0027962250961202375,0.22569733296077227,0.30623833638628933,6,False,8,0.8,0.08,0.8257577266376642
2861,0.14305,31975,62,26,436,0.15239426773855294,0.0013981125480601187,0.29429580321775584,0.9959509818294754,18,False,8,0.8,0.1,0.8257577266376642
2084,0.1042,15934,184,31,55,0.026391554702495202,0.010076775431861805,0.033226792684260036,0.03716845899088356,3,False,8,0.85,0.04,0.8257577266376642
2084,0.1042,18312,140,35,160,0.07677543186180422,0.008637236084452975,0.1947937488007979,0.24210176082437262,6,False,8,0.85,0.06,0.8257577266376642
2084,0.1042,20997,98,30,222,0.10652591170825336,0.003838771593090211,0.20720108623235148,0.3832301383939103,6,False,8,0.85,0.08,0.8257577266376642
2084,0.1042,22763,60,28,241,0.11564299424184261,0.0014395393474088292,0.3667825270436168,0.5173615588657648,7,False,8,0.85,0.1,0.8257577266376642
1269,0.06345,8399,139,34,49,0.038613081166272656,0.013396375098502758,0.04035130367287217,0.0415243418637166,2,False,8,0.9,0.04,0.8257577266376642
1269,0.06345,9899,113,29,105,0.08274231678486997,0.01260835303388495,0.19011251438480092,0.28149337381013273,7,False,8,0.9,0.06,0.8257577266376642
1269,0.06345,11820,78,24,165,0.13002364066193853,0.008668242710795903,0.20594703036139625,0.32151360998527145,6,False,8,0.9,0.08,0.8257577266376642
1269,0.06345,12939,54,21,170,0.13396375098502758,0.0031520882584712374,0.31261057331763004,0.4498413248351536,6,False,8,0.9,0.1,0.8257577266376642
540,0.027,2821,85,35,29,0.053703703703703705,0.03518518518518519,0.02189010456131331,0.02454951431454062,2,False,8,0.95,0.04,0.8257577266376642
540,0.027,3261,72,32,41,0.07592592592592592,0.03148148148148148,0.13517227936866705,0.1902944097128152,5,False,8,0.95,0.06,0.8257577266376642
540,0.027,3825,56,27,75,0.1388888888888889,0.027777777777777776,0.18984147457323297,0.2452762438386496,4,False,8,0.95,0.08,0.8257577266376642
540,0.027,4485,38,19,145,0.26851851851851855,0.018518518518518517,0.3667825270436168,0.5568580499196764,7,False,8,0.95,0.1,0.8257577266376642
3014,0.1507,25470,225,22,103,0.03417385534173855,0.007962840079628402,0.0883933711627187,0.13978882885918642,6,False,9,0.8,0.04,0.8318577645066552
3014,0.1507,28125,172,25,220,0.072992700729927,0.006635700066357001,0.1942337204508306,0.33923413959989274,8,False,9,0.8,0.06,0.8318577645066552
3014,0.1507,31207,116,26,310,0.1028533510285335,0.0026542800265428003,0.25119036469211903,0.36219146712453754,6,False,9,0.8,0.08,0.8318577645066552
3014,0.1507,33973,62,26,522,0.17319177173191772,0.0006635700066357001,0.4605943781477638,0.9188208191421181,14,False,9,0.8,0.1,0.8318577645066552
2042,0.1021,14682,197,26,49,0.023996082272282077,0.012732615083251714,0.04035130367287217,0.0415243418637166,2,False,9,0.85,0.04,0.8318577645066552
2042,0.1021,16868,150,32,125,0.06121449559255632,0.00930460333006856,0.17771527389776617,0.4176250481327617,9,False,9,0.85,0.06,0.8318577645066552
2042,0.1021,19768,103,29,213,0.10430950048971596,0.005876591576885406,0.20720108623235148,0.3845853025819743,6,False,9,0.85,0.08,0.8318577645066552
2042,0.1021,22062,54,29,439,0.2149853085210578,0.0014691478942213516,0.3765667553482776,0.6276812468375932,9,False,9,0.85,0.1,0.8318577645066552
1349,0.06745,8380,158,33,41,0.03039288361749444,0.021497405485544848,0.026051594945903023,0.026373492821312464,2,False,9,0.9,0.04,0.8318577645066552
1349,0.06745,9898,132,27,69,0.05114899925871016,0.017790956263899184,0.15307205115557063,0.21957467132411837,5,False,9,0.9,0.06,0.8318577645066552
1349,0.06745,11881,92,23,138,0.10229799851742032,0.01111934766493699,0.20594703036139625,0.2966016433104967,5,False,9,0.9,0.08,0.8318577645066552
1349,0.06745,13738,51,23,173,0.12824314306893997,0.0014825796886582653,0.3099508942681899,0.4068397967829047,6,False,9,0.9,0.1,0.8318577645066552
620,0.031,2934,95,38,27,0.043548387096774194,0.03064516129032258,0.024384829597324374,0.025163100382704688,2,False,9,0.95,0.04,0.8318577645066552
620,0.031,3502,82,36,41,0.06612903225806452,0.02903225806451613,0.11703311713208762,0.20566223075715456,4,False,9,0.95,0.06,0.8318577645066552
620,0.031,4368,66,28,69,0.11129032258064517,0.027419354838709678,0.19007065734839362,0.22969857288862122,5,False,9,0.95,0.08,0.8318577645066552
620,0.031,5005,44,21,129,0.20806451612903226,0.016129032258064516,0.3182878671588594,0.5018729207880369,7,False,9,0.95,0.1,0.8318577645066552
2856,0.1428,23311,215,22,116,0.04061624649859944,0.008053221288515405,0.09253349244730358,0.14045440270608237,6,False,10,0.8,0.04,0.8181647931402254
2856,0.1428,26297,153,28,214,0.07492997198879552,0.005252100840336135,0.19102840785172165,0.299980332145863,7,False,10,0.8,0.06,0.8181647931402254
2856,0.1428,29598,106,29,339,0.11869747899159663,0.0031512605042016808,0.2530240216405895,0.4006607590971908,8,False,10,0.8,0.08,0.8181647931402254
2856,0.1428,32163,58,25,399,0.13970588235294118,0.0017507002801120449,0.29128326185882913,0.4599890728966877,9,False,10,0.8,0.1,0.8181647931402254
1908,0.0954,13293,180,25,69,0.036163522012578615,0.011530398322851153,0.035199826692988684,0.052733722658425616,3,False,10,0.85,0.04,0.8181647931402254
1908,0.0954,15783,128,29,147,0.0770440251572327,0.006813417190775681,0.1947937488007979,0.24414105426248817,7,False,10,0.85,0.06,0.8181647931402254
1908,0.0954,18701,86,24,210,0.11006289308176101,0.003668763102725367,0.20720108623235148,0.38485366627697737,6,False,10,0.85,0.08,0.8181647931402254
1908,0.0954,20927,46,18,396,0.20754716981132076,0.0015723270440251573,0.325127857498542,1.0404328730233312,18,False,10,0.85,0.1,0.8181647931402254
1236,0.0618,7628,143,34,49,0.03964401294498382,0.013754045307443365,0.024043644878663995,0.02842787183689876,3,False,10,0.9,0.04,0.8181647931402254
1236,0.0618,9186,105,32,62,0.05016181229773463,0.00889967637540453,0.14903265891084896,0.21895713677093911,6,False,10,0.9,0.06,0.8181647931402254
1236,0.0618,11281,71,24,132,0.10679611650485436,0.0056634304207119745,0.20594703036139625,0.44845244190808153,7,False,10,0.9,0.08,0.8181647931402254
1236,0.0618,12942,44,20,210,0.16990291262135923,0.0024271844660194173,0.2650300075318322,0.4430634346518107,7,False,10,0.9,0.1,0.8181647931402254
662,0.0331,3476,100,43,37,0.055891238670694864,0.0256797583081571,0.03745105655229791,0.0380848742906067,2,False,10,0.95,0.04,0.8181647931402254
662,0.0331,4174,79,34,40,0.06042296072507553,0.022658610271903322,0.06405667123378866,0.06639320506876459,2,False,10,0.95,0.06,0.8181647931402254
662,0.0331,5499,57,23,77,0.1163141993957704,0.015105740181268883,0.19204030406079106,0.23583339386530117,4,False,10,0.95,0.08,0.8181647931402254
662,0.0331,6277,35,15,146,0.22054380664652568,0.004531722054380665,0.40793754006766214,0.6243098648598131,8,False,10,0.95,0.1,0.8181647931402254
3044,0.1522,26160,218,23,133,0.04369250985545335,0.008869908015768726,0.0883933711627187,0.14237790983375,7,False,11,0.8,0.04,0.8040034909404592
3044,0.1522,28682,164,26,285,0.09362680683311432,0.005913272010512484,0.2063892791936824,0.27583972040846505,7,False,11,0.8,0.06,0.8040034909404592
3044,0.1522,31536,106,21,446,0.14651773981603153,0.002628120893561104,0.2530240216405895,0.3810485208819479,8,False,11,0.8,0.08,0.8040034909404592
3044,0.1522,34062,55,24,489,0.16064388961892248,0.0016425755584756898,0.290727267322078,0.5004033433956909,9,False,11,0.8,0.1,0.8040034909404592
2051,0.10255,15326,193,26,50,0.02437835202340322,0.01218917601170161,0.024043644878663995,0.02842787183689876,3,False,11,0.85,0.04,0.8040034909404592
2051,0.10255,17379,149,30,155,0.07557289127254997,0.009751340809361287,0.1947937488007979,0.24210176082437262,6,False,11,0.85,0.06,0.8040034909404592
2051,0.10255,20119,99,28,234,0.11409068746952707,0.0029254022428083864,0.2530240216405895,0.37917061950261516,8,False,11,0.85,0.08,0.8040034909404592
2051,0.10255,22369,55,30,332,0.16187225743539738,0.0019502681618722574,0.288685138609416,0.8982612113111066,16,False,11,0.85,0.1,0.8040034909404592
1441,0.07205,9461,152,30,50,0.03469812630117974,0.009021512838306732,0.024043644878663995,0.02842787183689876,3,False,11,0.9,0.04,0.8040034909404592
1441,0.07205,11008,121,27,111,0.07702984038861901,0.007633587786259542,0.1947937488007979,0.24210176082437262,6,False,11,0.9,0.06,0.8040034909404592
1441,0.07205,13282,82,21,196,0.13601665510062458,0.004857737682165163,0.20720108623235148,0.32224034375567223,6,False,11,0.9,0.08,0.8040034909404592
1441,0.07205,15024,46,22,207,0.1436502428868841,0.002081887578070784,0.3117620898155826,0.43738800460366534,8,False,11,0.9,0.1,0.8040034909404592
645,0.03225,3573,95,39,40,0.06201550387596899,0.034108527131782945,0.024043644878663995,0.027066875731419214,2,False,11,0.95,0.04,0.8040034909404592
645,0.03225,4133,81,34,45,0.06976744186046512,0.02635658914728682,0.1506402209945743,0.21106350114030453,5,False,11,0.95,0.06,0.8040034909404592
645,0.03225,5133,58,27,66,0.10232558139534884,0.020155038759689922,0.18984147457323297,0.21887678757908907,4,False,11,0.95,0.08,0.8040034909404592
645,0.03225,5712,42,20,144,0.22325581395348837,0.010852713178294573,0.39750631115409585,0.6159603735658229,8,False,11,0.95,0.1,0.8040034909404592
3071,0.15355,26605,232,27,117,0.03809833930315858,0.012048192771084338,0.0883933711627187,0.14237790983375,7,False,12,0.8,0.04,0.830364818455722
3071,0.15355,29044,174,28,191,0.06219472484532725,0.0081406707912732,0.1942337204508306,0.3061724599476207,7,False,12,0.8,0.06,0.830364818455722
3071,0.15355,31978,120,27,230,0.07489417127971344,0.005210029306414849,0.25119036469211903,0.3741136725257799,8,False,12,0.8,0.08,0.830364818455722
3071,0.15355,34591,63,29,340,0.11071312276131554,0.0006512536633018561,0.44075884668100107,0.8143777554946995,12,False,12,0.8,0.1,0.830364818455722
2038,0.1019,15094,199,25,49,0.02404317958783121,0.016683022571148183,0.04035130367287217,0.0415243418637166,2,False,12,0.85,0.04,0.830364818455722
2038,0.1019,17103,155,28,94,0.04612365063788027,0.01226692836113837,0.17111704083018867,0.254213721031575,7,False,12,0.85,0.06,0.830364818455722
2038,0.1019,19797,106,24,215,0.10549558390578999,0.009322865554465163,0.26769666249075,0.40793971318365296,6,False,12,0.85,0.08,0.830364818455722
2038,0.1019,21808,62,29,257,0.12610402355250244,0.0034347399411187437,0.31074530496254194,0.43226566942660316,6,False,12,0.85,0.1,0.830364818455722
1381,0.06905,8908,163,34,37,0.026792179580014484,0.015206372194062274,0.029734567915313627,0.035786860577341296,2,False,12,0.9,0.04,0.830364818455722
1381,0.06905,10645,128,26,127,0.09196234612599566,0.010861694424330196,0.1947937488007979,0.24533266675751675,7,False,12,0.9,0.06,0.830364818455722
1381,0.06905,12492,91,24,156,0.11296162201303403,0.00724112961622013,0.19768134168111284,0.3121896874062928,5,False,12,0.9,0.08,0.830364818455722
1381,0.06905,13826,55,22,199,0.14409847936278058,0.002896451846488052,0.34962325686653023,0.5555580221524488,8,False,12,0.9,0.1,0.830364818455722
699,0.03495,3595,105,40,35,0.05007153075822604,0.02145922746781116,0.012416910091820013,0.014839307657754805,2,False,12,0.95,0.04,0.830364818455722
699,0.03495,4421,91,35,47,0.06723891273247497,0.02145922746781116,0.11826385083090604,0.20161736599281224,4,False,12,0.95,0.06,0.830364818455722
699,0.03495,5318,75,29,76,0.10872675250357654,0.01859799713876967,0.19011251438480092,0.2487921863234328,5,False,12,0.95,0.08,0.830364818455722
699,0.03495,5902,54,21,150,0.2145922746781116,0.011444921316165951,0.3094069945251317,0.45216716053817557,6,False,12,0.95,0.1,0.830364818455722
3090,0.1545,27301,224,24,112,0.036245954692556634,0.010032362459546926,0.09253349244730358,0.14045440270608237,6,False,13,0.8,0.04,0.8398520636960145
3090,0.1545,29918,173,29,243,0.07864077669902912,0.00744336569579288,0.20104254634651095,0.2707754470182291,8,False,13,0.8,0.06,0.8398520636960145
3090,0.1545,32608,116,28,386,0.12491909385113269,0.004530744336569579,0.25554045859776814,0.3497387844551641,6,False,13,0.8,0.08,0.8398520636960145
3090,0.1545,34778,64,27,455,0.14724919093851133,0.0016181229773462784,0.2989694333029957,0.7719176964459646,13,False,13,0.8,0.1,0.8398520636960145
2252,0.1126,17411,195,30,58,0.02575488454706927,0.011989342806394316,0.02839863417282981,0.039548671748503135,4,False,13,0.85,0.04,0.8398520636960145
2252,0.1126,19905,145,33,160,0.07104795737122557,0.008880994671403197,0.1947937488007979,0.24210176082437262,6,False,13,0.85,0.06,0.8398520636960145
2252,0.1126,22536,102,31,200,0.08880994671403197,0.004884547069271759,0.26769666249075,0.40704125002442626,7,False,13,0.85,0.08,0.8398520636960145
2252,0.1126,24469,64,26,285,0.12655417406749556,0.003108348134991119,0.37440352371440827,0.49996395351012807,8,False,13,0.85,0.1,0.8398520636960145
1512,0.0756,10340,167,32,49,0.032407407407407406,0.01455026455026455,0.04035130367287217,0.0415243418637166,2,False,13,0.9,0.04,0.8398520636960145
1512,0.0756,11967,127,32,103,0.06812169312169312,0.008597883597883597,0.19011251438480092,0.28107483223717583,7,False,13,0.9,0.06,0.8398520636960145
1512,0.0756,13958,89,29,177,0.11706349206349206,0.004629629629629629,0.20720108623235148,0.3253647116709477,6,False,13,0.9,0.08,0.8398520636960145
1512,0.0756,15674,58,23,187,0.12367724867724868,0.001984126984126984,0.31261057331763004,0.39199152122480496,6,False,13,0.9,0.1,0.8398520636960145
672,0.0336,3507,103,37,32,0.047619047619047616,0.03422619047619048,0.010896137451494883,0.013328896529478768,2,False,13,0.95,0.04,0.8398520636960145
672,0.0336,4199,80,32,48,0.07142857142857142,0.023809523809523808,0.13517227936866705,0.27637618887011994,7,False,13,0.95,0.06,0.8398520636960145
672,0.0336,5056,67,26,87,0.12946428571428573,0.019345238095238096,0.18984147457323297,0.22055555594555254,4,False,13,0.95,0.08,0.8398520636960145
672,0.0336,5838,43,17,121,0.1800595238095238,0.011904761904761904,0.35011099702685555,0.5223846987774914,7,False,13,0.95,0.1,0.8398520636960145
2935,0.14675,25431,220,28,129,0.04395229982964225,0.010562180579216355,0.08068359821643993,0.13150084257954384,7,False,14,0.8,0.04,0.8123684465198007
2935,0.14675,28090,169,29,234,0.0797274275979557,0.008177172061328791,0.19102840785172165,0.3002771608543937,8,False,14,0.8,0.06,0.8123684465198007
2935,0.14675,30904,117,25,299,0.10187393526405451,0.005110732538330494,0.22569733296077227,0.3548529923813302,7,False,14,0.8,0.08,0.8123684465198007
2935,0.14675,33148,61,27,579,0.19727427597955707,0.0020442930153321977,0.3806362773579584,0.6946331491756387,11,False,14,0.8,0.1,0.8123684465198007
2068,0.1034,15683,193,26,53,0.02562862669245648,0.013539651837524178,0.033226792684260036,0.03716845899088356,3,False,14,0.85,0.04,0.8123684465198007
2068,0.1034,17606,148,30,100,0.048355899419729204,0.009671179883945842,0.19102840785172165,0.2467416651794201,5,False,14,0.85,0.06,0.8123684465198007
2068,0.1034,20494,98,27,196,0.09477756286266925,0.004352030947775629,0.19768134168111284,0.3109980749112642,5,False,14,0.85,0.08,0.8123684465198007
2068,0.1034,22509,56,28,353,0.1706963249516441,0.0019342359767891683,0.30193357622270944,1.0524736346887564,17,False,14,0.85,0.1,0.8123684465198007
1347,0.06735,8857,154,29,49,0.03637713437268003,0.015590200445434299,0.04035130367287217,0.0415243418637166,2,False,14,0.9,0.04,0.8123684465198007
1347,0.06735,10151,127,28,63,0.0467706013363029,0.012620638455827766,0.11866204483351403,0.20489255508977247,5,False,14,0.9,0.06,0.8123684465198007
1347,0.06735,12495,87,21,157,0.11655530809205643,0.007423904974016332,0.19768134168111284,0.28812428692432945,4,False,14,0.9,0.08,0.8123684465198007
1347,0.06735,13676,53,21,185,0.13734224201930215,0.002969561989606533,0.2993922361064497,0.40702932387095064,8,False,14,0.9,0.1,0.8123684465198007
725,0.03625,4030,103,33,35,0.04827586206896552,0.031724137931034485,0.04035130367287217,0.0415243418637166,2,False,14,0.95,0.04,0.8123684465198007
725,0.03625,5042,88,26,50,0.06896551724137931,0.030344827586206897,0.11703311713208762,0.20153250924877258,4,False,14,0.95,0.06,0.8123684465198007
725,0.03625,5846,67,21,84,0.11586206896551725,0.016551724137931035,0.296957525777814,0.3680729399367377,8,False,14,0.95,0.08,0.8123684465198007
725,0.03625,6489,54,17,172,0.23724137931034484,0.013793103448275862,0.3156164150765638,0.6315220163039984,10,False,14,0.95,0.1,0.8123684465198007
2958,0.1479,25167,223,26,121,0.04090601757944557,0.00777552400270453,0.09139762301450258,0.14296421692367442,7,False,15,0.8,0.04,0.821147205245179
2958,0.1479,27810,164,32,179,0.06051386071670047,0.005409060175794456,0.1947937488007979,0.2445657280610992,6,False,15,0.8,0.06,0.821147205245179
2958,0.1479,30845,110,30,258,0.0872210953346856,0.002704530087897228,0.21236248858347698,0.3137477517962756,7,False,15,0.8,0.08,0.821147205245179
2958,0.1479,33245,61,25,338,0.11426639621365788,0.000676132521974307,0.2657639107371046,0.4783116465611335,8,False,15,0.8,0.1,0.821147205245179
2052,0.1026,15568,184,28,57,0.027777777777777776,0.009746588693957114,0.06530926358935106,0.08302804960839492,4,False,15,0.85,0.04,0.821147205245179
2052,0.1026,17752,139,31,161,0.07846003898635477,0.00682261208576998,0.1947937488007979,0.2444463610468135,6,False,15,0.85,0.06,0.821147205245179
2052,0.1026,20536,91,25,244,0.1189083820662768,0.003898635477582846,0.25119036469211903,0.3463871808362919,7,False,15,0.85,0.08,0.821147205245179
2052,0.1026,22520,53,26,275,0.13401559454191034,0.001949317738791423,0.28955094799146214,0.3666690895881795,7,False,15,0.85,0.1,0.821147205245179
1207,0.06035,7459,145,30,48,0.03976801988400994,0.016570008285004142,0.04035130367287217,0.0415243418637166,2,False,15,0.9,0.04,0.821147205245179
1207,0.06035,8800,115,23,92,0.07622203811101906,0.013256006628003313,0.19011251438480092,0.28107483223717583,7,False,15,0.9,0.06,0.821147205245179
1207,0.06035,10907,80,20,136,0.11267605633802817,0.010770505385252692,0.1947937488007979,0.2435943121658665,4,False,15,0.9,0.08,0.821147205245179
1207,0.06035,12350,50,22,139,0.11516155758077878,0.0024855012427506215,0.31200265406059,0.4200548432296814,7,False,15,0.9,0.1,0.821147205245179
700,0.035,4137,91,39,35,0.05,0.022857142857142857,0.010896137451494883,0.013328896529478768,2,False,15,0.95,0.04,0.821147205245179
700,0.035,4799,75,31,43,0.06142857142857143,0.017142857142857144,0.11703311713208762,0.20153250924877258,4,False,15,0.95,0.06,0.821147205245179
700,0.035,6056,56,23,96,0.13714285714285715,0.014285714285714285,0.29923278984637297,0.4087409684840313,7,False,15,0.95,0.08,0.821147205245179
700,0.035,7024,35,16,118,0.16857142857142857,0.008571428571428572,0.37749995190587887,0.6326327131186522,8,False,15,0.95,0.1,0.821147205245179
2974,0.1487,26618,229,31,133,0.04472091459314055,0.013449899125756557,0.09253349244730358,0.14304348368064596,7,False,16,0.8,0.04,0.8349701325875931
2974,0.1487,28740,183,33,216,0.0726294552790854,0.010423671822461332,0.1947937488007979,0.2488131788086743,7,False,16,0.8,0.06,0.8349701325875931
2974,0.1487,31354,127,30,248,0.08338937457969066,0.00773369199731002,0.1947937488007979,0.24095931879545845,5,False,16,0.8,0.08,0.8349701325875931
2974,0.1487,33386,74,32,328,0.11028917283120376,0.0020174848688634837,0.3810134549347008,0.6194104470576653,9,False,16,0.8,0.1,0.8349701325875931
2071,0.10355,16903,187,35,54,0.02607436021245775,0.016417189763399325,0.027273065434672877,0.033680383216325833,3,False,16,0.85,0.04,0.8349701325875931
2071,0.10355,18877,144,35,173,0.08353452438435538,0.012071463061323033,0.1947937488007979,0.24533266675751675,7,False,16,0.85,0.06,0.8349701325875931
2071,0.10355,21152,97,30,244,0.1178174794785128,0.008691453404152583,0.20720108623235148,0.38475987734983874,6,False,16,0.85,0.08,0.8349701325875931
2071,0.10355,22351,63,29,244,0.1178174794785128,0.003380009657170449,0.20720108623235148,0.38475987734983874,6,False,16,0.85,0.1,0.8349701325875931
1410,0.0705,9897,149,34,49,0.03475177304964539,0.014893617021276596,0.04035130367287217,0.0415243418637166,2,False,16,0.9,0.04,0.8349701325875931
1410,0.0705,11543,117,28,114,0.08085106382978724,0.01347517730496454,0.19011251438480092,0.36534932047246976,9,False,16,0.9,0.06,0.8349701325875931
1410,0.0705,13182,85,23,167,0.11843971631205674,0.010638297872340425,0.20720108623235148,0.298448227449515,5,False,16,0.9,0.08,0.8349701325875931
1410,0.0705,14480,58,22,196,0.13900709219858157,0.00425531914893617,0.3065117731838975,0.43126080802356037,7,False,16,0.9,0.1,0.8349701325875931
611,0.03055,3122,97,32,35,0.057283142389525366,0.02618657937806874,0.012416910091820013,0.014839307657754805,2,False,16,0.95,0.04,0.8349701325875931
611,0.03055,3782,81,28,35,0.057283142389525366,0.022913256955810146,0.012416910091820013,0.014839307657754805,2,False,16,0.95,0.06,0.8349701325875931
611,0.03055,4501,63,21,82,0.1342062193126023,0.019639934533551555,0.1953040385945892,0.23788667114575307,4,False,16,0.95,0.08,0.8349701325875931
611,0.03055,5159,44,17,94,0.15384615384615385,0.01309328968903437,0.3490487781128577,0.4913552865159523,6,False,16,0.95,0.1,0.8349701325875931
2777,0.13885,22369,227,24,64,0.023046453006841917,0.010803024846957148,0.0525729164642731,0.05534643829153314,3,False,17,0.8,0.04,0.8088059131597901
2777,0.13885,25384,165,30,213,0.07670147641339575,0.007202016564638099,0.1947937488007979,0.2445657280610992,6,False,17,0.8,0.06,0.8088059131597901
2777,0.13885,28515,106,30,243,0.0875045012603529,0.0028808066258552397,0.1947937488007979,0.2362055562455191,4,False,17,0.8,0.08,0.8088059131597901
2777,0.13885,30991,62,30,325,0.1170327691753691,0.0007202016564638099,0.3667825270436168,0.55686299455792,9,False,17,0.8,0.1,0.8088059131597901
1912,0.0956,13992,185,28,54,0.028242677824267783,0.014644351464435146,0.033226792684260036,0.03716845899088356,3,False,17,0.85,0.04,0.8088059131597901
1912,0.0956,15996,141,31,161,0.0842050209205021,0.011506276150627616,0.1947937488007979,0.24414105426248817,7,False,17,0.85,0.06,0.8088059131597901
1912,0.0956,18779,90,27,233,0.12186192468619247,0.006276150627615063,0.20720108623235148,0.3843661746212725,6,False,17,0.85,0.08,0.8088059131597901
1912,0.0956,20648,51,24,400,0.20920502092050208,0.0020920502092050207,0.30800719410155114,1.0527154649388746,18,False,17,0.85,0.1,0.8088059131597901
1296,0.0648,8319,147,33,49,0.03780864197530864,0.016975308641975308,0.04035130367287217,0.0415243418637166,2,False,17,0.9,0.04,0.8088059131597901
1296,0.0648,9875,116,27,99,0.0763888888888889,0.013117283950617283,0.19011251438480092,0.36533660178619654,9,False,17,0.9,0.06,0.8088059131597901
1296,0.0648,11909,75,23,147,0.11342592592592593,0.006944444444444444,0.20594703036139625,0.37519806806939515,6,False,17,0.9,0.08,0.8088059131597901
1296,0.0648,13072,52,24,152,0.11728395061728394,0.0030864197530864196,0.3124451019030991,0.42119715932650675,8,False,17,0.9,0.1,0.8088059131597901
665,0.03325,3837,92,34,34,0.05112781954887218,0.02857142857142857,0.02189010456131331,0.02454951431454062,2,False,17,0.95,0.04,0.8088059131597901
665,0.03325,4559,77,30,48,0.07218045112781955,0.022556390977443608,0.11703311713208762,0.20153250924877258,4,False,17,0.95,0.06,0.8088059131597901
665,0.03325,5476,57,25,77,0.11578947368421053,0.019548872180451128,0.19007065734839362,0.2827785458052562,5,False,17,0.95,0.08,0.8088059131597901
665,0.03325,6335,40,18,148,0.22255639097744362,0.013533834586466165,0.43689834945485395,0.7595660367328483,10,False,17,0.95,0.1,0.8088059131597901
3036,0.1518,25687,222,23,60,0.019762845849802372,0.008234519104084322,0.04211202798283748,0.042475046671519676,2,False,18,0.8,0.04,0.8181998170752411
3036,0.1518,28808,167,29,152,0.05006587615283267,0.005599472990777339,0.19980741326878462,0.28391205444370526,6,False,18,0.8,0.06,0.8181998170752411
3036,0.1518,31893,118,25,261,0.08596837944664032,0.0036231884057971015,0.19685489251478222,0.2599610934016543,5,False,18,0.8,0.08,0.8181998170752411
3036,0.1518,34107,69,25,528,0.17391304347826086,0.0016469038208168643,0.37771733979018196,0.5801372527195797,8,False,18,0.8,0.1,0.8181998170752411
2297,0.11485,18378,193,31,55,0.023944275141488898,0.01044841097083152,0.033226792684260036,0.03716845899088356,3,False,18,0.85,0.04,0.8181998170752411
2297,0.11485,20851,144,33,143,0.062255115367871136,0.007400957771005659,0.1947937488007979,0.24210176082437262,6,False,18,0.85,0.06,0.8181998170752411
2297,0.11485,23262,104,31,228,0.09925990422289943,0.00478885502829778,0.20720108623235148,0.32224034375567223,6,False,18,0.85,0.08,0.8181998170752411
2297,0.11485,25524,59,30,255,0.1110143665650849,0.0021767522855899,0.31222940407540245,0.47939780712888075,10,False,18,0.85,0.1,0.8181998170752411
1489,0.07445,10522,158,36,47,0.0315648085963734,0.014775016789791807,0.03184089444682522,0.03575098351443495,2,False,18,0.9,0.04,0.8181998170752411
1489,0.07445,12365,115,34,113,0.07588985896574882,0.011417058428475487,0.19011251438480092,0.28151393464607793,7,False,18,0.9,0.06,0.8181998170752411
1489,0.07445,14341,82,30,186,0.12491605104096709,0.007387508394895903,0.20720108623235148,0.3207089019814471,6,False,18,0.9,0.08,0.8181998170752411
1489,0.07445,15718,55,26,186,0.12491605104096709,0.0033579583613163196,0.20720108623235148,0.3207089019814471,6,False,18,0.9,0.1,0.8181998170752411
694,0.0347,3712,107,36,35,0.05043227665706052,0.023054755043227664,0.012416910091820013,0.014839307657754805,2,False,18,0.95,0.04,0.8181998170752411
694,0.0347,4288,82,32,52,0.07492795389048991,0.020172910662824207,0.18947366024624046,0.2841505842301954,6,False,18,0.95,0.06,0.8181998170752411
694,0.0347,5094,61,31,83,0.11959654178674352,0.01729106628242075,0.2059010052564995,0.38209539031828116,6,False,18,0.95,0.08,0.8181998170752411
694,0.0347,5991,35,20,145,0.20893371757925072,0.004322766570605188,0.31129146172107847,0.8275521055380253,10,False,18,0.95,0.1,0.8181998170752411
2852,0.1426,23934,230,27,64,0.02244039270687237,0.011921458625525946,0.09253349244730358,0.13398298487525206,5,False,19,0.8,0.04,0.8287366524018785
2852,0.1426,26423,176,30,163,0.057152875175315566,0.008415147265077139,0.19102840785172165,0.2530992743446725,6,False,19,0.8,0.06,0.8287366524018785
2852,0.1426,29341,117,30,249,0.08730715287517532,0.005610098176718092,0.1942337204508306,0.33131376292872755,7,False,19,0.8,0.08,0.8287366524018785
2852,0.1426,32109,61,31,423,0.14831697054698456,0.0010518934081346423,0.288685138609416,0.9915235780341529,18,False,19,0.8,0.1,0.8287366524018785
2052,0.1026,15660,196,31,55,0.026803118908382065,0.015107212475633527,0.033226792684260036,0.03716845899088356,3,False,19,0.85,0.04,0.8287366524018785
2052,0.1026,17678,154,33,166,0.08089668615984405,0.011208576998050682,0.1947937488007979,0.24210176082437262,6,False,19,0.85,0.06,0.8287366524018785
2052,0.1026,20254,105,30,240,0.11695906432748537,0.005847953216374269,0.20720108623235148,0.38723978393997793,7,False,19,0.85,0.08,0.8287366524018785
2052,0.1026,22174,58,31,240,0.11695906432748537,0.0009746588693957114,0.20720108623235148,0.38723978393997793,7,False,19,0.85,0.1,0.8287366524018785
1306,0.0653,8311,160,31,48,0.036753445635528334,0.01914241960183767,0.04035130367287217,0.0415243418637166,2,False,19,0.9,0.04,0.8287366524018785
1306,0.0653,9847,132,25,109,0.08346094946401225,0.016079632465543645,0.19011251438480092,0.28109539307312104,7,False,19,0.9,0.06,0.8287366524018785
1306,0.0653,11325,90,25,159,0.1217457886676876,0.009954058192955589,0.2025873084207274,0.37712014323634424,6,False,19,0.9,0.08,0.8287366524018785
1306,0.0653,13065,52,23,159,0.1217457886676876,0.002297090352220521,0.2025873084207274,0.3188939259065071,5,False,19,0.9,0.1,0.8287366524018785
528,0.0264,2287,101,31,32,0.06060606060606061,0.045454545454545456,0.04760682132001186,0.05565737036699975,3,False,19,0.95,0.04,0.8287366524018785
528,0.0264,2892,83,27,51,0.09659090909090909,0.03977272727272727,0.19011251438480092,0.3711993748167358,8,False,19,0.95,0.06,0.8287366524018785
528,0.0264,3466,60,23,76,0.14393939393939395,0.028409090909090908,0.19646402948376193,0.30437220855816033,5,False,19,0.95,0.08,0.8287366524018785
528,0.0264,4210,47,23,76,0.14393939393939395,0.020833333333333332,0.19646402948376193,0.30308303999760916,4,False,19,0.95,0.1,0.8287366524018785
3042,0.1521,26151,231,27,139,0.04569362261669954,0.010190664036817882,0.09253349244730358,0.14304348368064596,7,False,20,0.8,0.04,0.8313534964030027
3042,0.1521,28994,169,31,258,0.08481262327416174,0.006903353057199211,0.2063892791936824,0.2991022824957884,8,False,20,0.8,0.06,0.8313534964030027
3042,0.1521,31831,120,28,287,0.09434582511505589,0.003616042077580539,0.2063892791936824,0.2778499956848311,7,False,20,0.8,0.08,0.8313534964030027
3042,0.1521,34233,67,29,378,0.1242603550295858,0.0003287310979618672,0.37440352371440827,0.562330537215898,9,False,20,0.8,0.1,0.8313534964030027
1971,0.09855,14220,196,26,56,0.028411973617453068,0.0136986301369863,0.034639190966368374,0.0414152595562622,3,False,20,0.85,0.04,0.8313534964030027
1971,0.09855,16180,150,33,89,0.04515474378488077,0.009639776763064434,0.17111704083018867,0.254213721031575,7,False,20,0.85,0.06,0.8313534964030027
1971,0.09855,19109,102,26,207,0.1050228310502283,0.0050735667174023336,0.26769666249075,0.3841176793495601,6,False,20,0.85,0.08,0.8313534964030027
1971,0.09855,21118,56,22,334,0.16945712836123794,0.0015220700152207,0.288685138609416,0.6675852945586431,11,False,20,0.85,0.1,0.8313534964030027
1236,0.0618,7551,163,30,49,0.03964401294498382,0.025889967637540454,0.04035130367287217,0.0415243418637166,2,False,20,0.9,0.04,0.8313534964030027
1236,0.0618,8684,129,30,69,0.055825242718446605,0.021844660194174758,0.17111704083018867,0.254213721031575,7,False,20,0.9,0.06,0.8313534964030027
1236,0.0618,11023,92,22,146,0.11812297734627832,0.015372168284789644,0.20720108623235148,0.34770732598171084,5,False,20,0.9,0.08,0.8313534964030027
1236,0.0618,12172,56,15,273,0.220873786407767,0.0056634304207119745,0.3667825270436168,0.5382005189170239,8,False,20,0.9,0.1,0.8313534964030027
672,0.0336,3776,95,41,37,0.05505952380952381,0.03273809523809524,0.012887965990092638,0.01397315453503967,2,False,20,0.95,0.04,0.8313534964030027
672,0.0336,4460,78,37,43,0.06398809523809523,0.02976190476190476,0.14757192171404426,0.20538656958049956,5,False,20,0.95,0.06,0.8313534964030027
672,0.0336,5674,61,27,74,0.11011904761904762,0.023809523809523808,0.19204030406079106,0.23296081384167588,4,False,20,0.95,0.08,0.8313534964030027
672,0.0336,6245,49,21,97,0.14434523809523808,0.023809523809523808,0.37654452069499744,0.5953857400006923,8,False,20,0.95,0.1,0.8313534964030027
